Id,Label,Degree,Strength,Betweenness,PageRank
TYRION,Tyrion,128,5875,0.43228822882288226,0.048973703993346204
JON,Jon,105,4753,0.4118017357291285,0.04132410850595631
DAENERYS,Daenerys,93,3839,0.20826304852707492,0.03696898892841526
CERSEI,Cersei,86,3727,0.14149859430387482,0.02963491701780934
SANSA,Sansa,101,3607,0.3475369759198142,0.029571095579199704
ARYA,Arya,97,2791,0.20537220388705538,0.02747089193290034
JAIME,Jaime,90,3316,0.15215132624373548,0.02738330627364946
SAM,Sam,78,2062,0.09162694047182496,0.01936552307230636
THEON,Theon,73,1706,0.1075907590759076,0.017620328897073566
DAVOS,Davos,78,1987,0.07409852096320743,0.017570319530524087
CATELYN,Catelyn,56,1246,0.08148148148148147,0.01203518238476859
