Source,Target,Weight
ADDAM_MARBRAND,KEVAN,3
ADDAM_MARBRAND,LEO_LEFFORD,3
ADDAM_MARBRAND,TYWIN,2
ADRACK_HUMBLE,RALF,2
ADRACK_HUMBLE,THEON,4
AEGON,AERYS,2
AEGON,ARYA,2
AEGON,DAENERYS,5
AEGON,DAVOS,2
AEGON,MAESTER_AEMON,5
AEGON,RHAENYRA,2
AEGON,SHIREEN,2
AERON,BALON,4
AERON,EURON,8
AERON,THEON,4
AERON,YARA,9
AERYS,BARRISTAN,7
AERYS,CATELYN,2
AERYS,CERSEI,7
AERYS,DAENERYS,16
AERYS,JAIME,13
AERYS,JOFFREY,2
AERYS,JON,7
AERYS,JORAH,2
AERYS,MAESTER_AEMON,2
AERYS,NED,12
AERYS,OLENNA,2
AERYS,PYCELLE,2
AERYS,RENLY,2
AERYS,RHAEGAR,3
AERYS,RICKARD_STARK,4
AERYS,ROBERT,16
AERYS,SANSA,4
AERYS,SEPTA_MORDANE,2
AERYS,TYRION,10
AERYS,TYWIN,2
AERYS,VARYS,3
ALANNA,OWEN,2
ALLISER_THORNE,BOWEN_MARSH,6
ALLISER_THORNE,CRASTER,2
ALLISER_THORNE,DAVOS,26
ALLISER_THORNE,DENYS,2
ALLISER_THORNE,EDDISON_TOLLETT,20
ALLISER_THORNE,GRENN,20
ALLISER_THORNE,JANOS,32
ALLISER_THORNE,JEOR,9
ALLISER_THORNE,JON,133
ALLISER_THORNE,LOCKE,7
ALLISER_THORNE,MAESTER_AEMON,17
ALLISER_THORNE,MANCE,2
ALLISER_THORNE,MELISANDRE,3
ALLISER_THORNE,OLLY,18
ALLISER_THORNE,OTHELL_YARWYCK,12
ALLISER_THORNE,PYP,18
ALLISER_THORNE,QHORIN,3
ALLISER_THORNE,RAST,4
ALLISER_THORNE,SAM,41
ALLISER_THORNE,STANNIS,5
ALLISER_THORNE,TORMUND,18
ALLISER_THORNE,WUN_WUN,3
ALLISER_THORNE,YGRITTE,2
ALTON,CERSEI,9
ALTON,JAIME,48
ALTON,RICKARD_KARSTARK,4
ALTON,ROBB,22
ALTON,TALISA,2
ALTON,TORRHEN,5
ALTON,TYRION,3
ALYS,ARYA,3
ALYS,BERIC,2
ALYS,BRAN,5
ALYS,BRIENNE,4
ALYS,DAENERYS,5
ALYS,DAVOS,6
ALYS,GENDRY,2
ALYS,GREY_WORM,5
ALYS,JAIME,4
ALYS,JON,8
ALYS,JORAH,5
ALYS,LYANNA_MORMONT,5
ALYS,MAESTER_WOLKAN,3
ALYS,MISSANDEI,2
ALYS,NED_UMBER,5
ALYS,QHONO,2
ALYS,SAM,4
ALYS,SANSA,5
ALYS,THEON,4
ALYS,TORMUND,3
ALYS,TYRION,8
ALYS,VARYS,6
ALYS,YOHN_ROYCE,4
AMORY,ARYA,16
AMORY,HOT_PIE,2
AMORY,JAQEN,3
AMORY,POLLIVER,3
AMORY,TYWIN,14
AMORY,YOREN,8
ANGUY,ARYA,26
ANGUY,BERIC,11
ANGUY,GENDRY,11
ANGUY,HOT_PIE,2
ANGUY,HOUND,20
ANGUY,MELISANDRE,3
ANGUY,THOROS,20
ANYA_WAYNWOOD,LITTLEFINGER,21
ANYA_WAYNWOOD,LYSA,3
ANYA_WAYNWOOD,ROBIN,2
ANYA_WAYNWOOD,SANSA,11
ANYA_WAYNWOOD,VANCE_CORBRAY,2
ANYA_WAYNWOOD,YOHN_ROYCE,10
AREO,BRONN,19
AREO,DORAN,30
AREO,ELLARIA,18
AREO,JAIME,18
AREO,MAESTER_DORNE,2
AREO,MYRCELLA,15
AREO,NYMERIA,4
AREO,OBARA,7
AREO,TRYSTANE,8
AREO,TYENE,7
ARTHUR,BRAN,3
ARTHUR,HOWLAND,4
ARTHUR,NED,12
ARTHUR,THREE_EYED_RAVEN,3
ARTHUR_CHILD,QYBURN,6
ARYA,BAELOR,5
ARYA,BERIC,51
ARYA,BIANCA,10
ARYA,BITER,8
ARYA,BOBONO,5
ARYA,BRAN,50
ARYA,BRIENNE,61
ARYA,CAMELLO,5
ARYA,CATELYN,22
ARYA,CERSEI,34
ARYA,CLARENZO,6
ARYA,DAENERYS,21
ARYA,DAVOS,22
ARYA,DONNEL_WAYNWOOD,2
ARYA,DORNISH_PRINCE,2
ARYA,DYING_MAN,10
ARYA,EDDISON_TOLLETT,2
ARYA,EDMURE,2
ARYA,FARMER_HAMLET,13
ARYA,GENDRY,200
ARYA,GREY_WORM,13
ARYA,HOT_PIE,99
ARYA,HOUND,314
ARYA,ILLYRIO,2
ARYA,ILYN_PAYNE,6
ARYA,INNKEEPER,2
ARYA,INNKEEPERS_DAUGHTER,2
ARYA,IRONBORN_LORD,2
ARYA,IZEMBARO,9
ARYA,JAIME,8
ARYA,JAQEN,346
ARYA,JOFFREY,47
ARYA,JON,99
ARYA,JORAH,5
ARYA,JORY_CASSEL,7
ARYA,KEVAN,2
ARYA,LADY_CRANE,64
ARYA,LITTLEFINGER,37
ARYA,LOMMY,8
ARYA,LOMMY_GREENHANDS,2
ARYA,LYANNA_MORMONT,7
ARYA,LYSA,2
ARYA,MACE,4
ARYA,MADAME,2
ARYA,MAESTER_WOLKAN,9
ARYA,MELISANDRE,18
ARYA,MERYN_TRANT,25
ARYA,MISSANDEI,5
ARYA,MOUNTAIN,10
ARYA,MYCAH,7
ARYA,NED,110
ARYA,NIGHT_KING,3
ARYA,NORA,22
ARYA,OWEN,4
ARYA,PODRICK,10
ARYA,POLLIVER,26
ARYA,PYCELLE,3
ARYA,QHONO,4
ARYA,REGINALD,2
ARYA,RHAENYS,2
ARYA,RICKON,2
ARYA,RIVERLANDS_LORD,2
ARYA,ROBB,18
ARYA,ROBERT,15
ARYA,ROBETT,4
ARYA,ROBIN,2
ARYA,ROOSE_BOLTON,2
ARYA,RORGE,20
ARYA,SALLY,6
ARYA,SAM,10
ARYA,SANSA,280
ARYA,SEPTA_MORDANE,11
ARYA,STABLE_BOY,7
ARYA,SYRIO_FOREL,48
ARYA,TERNESIO_TERYS,17
ARYA,THEON,4
ARYA,THIN_MAN,13
ARYA,THOROS,63
ARYA,TICKLER,5
ARYA,TOMMY,2
ARYA,TORMUND,7
ARYA,TYCHO,3
ARYA,TYRION,18
ARYA,TYWIN,103
ARYA,VALE_LORD,2
ARYA,VARYS,14
ARYA,VICKY,14
ARYA,VISENYA,3
ARYA,WAIF,96
ARYA,WALDER,22
ARYA,YARA,3
ARYA,YOHN_ROYCE,10
ARYA,YOREN,38
ASSASSIN,BRAN,2
ASSASSIN,CATELYN,3
ASSASSIN,ROBB,2
AXELL_FLORENT,DAVOS,2
AXELL_FLORENT,MELISANDRE,4
AXELL_FLORENT,SELYSE,4
AXELL_FLORENT,STANNIS,2
BAELOR,CERSEI,2
BAELOR,HIGH_SEPTON,2
BAELOR,HOUND,2
BAELOR,ILYN_PAYNE,3
BAELOR,JOFFREY,4
BAELOR,NED,8
BAELOR,PYCELLE,2
BAELOR,SANSA,2
BAELOR,TYRION,2
BAELOR,TYWIN,3
BAELOR,YOREN,4
BALERION,CERSEI,2
BALERION,DAVOS,2
BALERION,QYBURN,3
BALON,CATELYN,2
BALON,EURON,17
BALON,NED,5
BALON,RAMSAY,4
BALON,ROBB,10
BALON,ROOSE_BOLTON,4
BALON,THEON,84
BALON,TYRION,2
BALON,YARA,49
BALON_DWARF,JOFFREY,2
BALON_DWARF,JOFFREY_DWARF,4
BALON_DWARF,RENLY_DWARF,3
BALON_DWARF,ROBB_DWARF,8
BALON_DWARF,STANNIS_DWARF,4
BARRA,JANOS,2
BARRA,MHAEGEN,4
BARRISTAN,CERSEI,15
BARRISTAN,DAARIO,20
BARRISTAN,DAENERYS,107
BARRISTAN,GOATHERD,2
BARRISTAN,GREY_WORM,19
BARRISTAN,HIZDAHR,2
BARRISTAN,JAIME,4
BARRISTAN,JOFFREY,7
BARRISTAN,JORAH,91
BARRISTAN,KRAZNYS_MO_NAKLOZ,2
BARRISTAN,LANCEL,3
BARRISTAN,LITTLEFINGER,4
BARRISTAN,MISSANDEI,20
BARRISTAN,MOSSADOR,4
BARRISTAN,NED,25
BARRISTAN,PYCELLE,4
BARRISTAN,RADZAI_MO_ERAZ,2
BARRISTAN,RENLY,3
BARRISTAN,RHAEGAR,3
BARRISTAN,ROBERT,27
BARRISTAN,VARYS,8
BELICHO,DAENERYS,2
BELICHO,GREY_WORM,5
BELICHO,MISSANDEI,5
BELICHO,RAZDAL,6
BELICHO,TYRION,7
BELICHO,VARYS,2
BELICHO,YEZZAN,5
BENJEN,BRAN,29
BENJEN,CATELYN,2
BENJEN,CERSEI,2
BENJEN,CRASTER,2
BENJEN,HODOR,3
BENJEN,JEOR,2
BENJEN,JON,40
BENJEN,LYANNA,8
BENJEN,MEERA,12
BENJEN,NED,24
BENJEN,ROBB,5
BENJEN,ROBERT,2
BENJEN,RODRIK,2
BENJEN,THREE_EYED_RAVEN,7
BENJEN,TYRION,17
BENJEN,YOREN,5
BERIC,BRAN,3
BERIC,BRIENNE,10
BERIC,DAENERYS,8
BERIC,DAVOS,7
BERIC,EDDISON_TOLLETT,9
BERIC,GENDRY,24
BERIC,GILLY,2
BERIC,GREY_WORM,12
BERIC,HOUND,148
BERIC,JAIME,9
BERIC,JON,49
BERIC,JORAH,31
BERIC,LEM,3
BERIC,LYANNA_MORMONT,4
BERIC,MELISANDRE,12
BERIC,MOUNTAIN,3
BERIC,NED,8
BERIC,NED_UMBER,3
BERIC,NIGHT_KING,10
BERIC,PODRICK,2
BERIC,QHONO,2
BERIC,ROBERT,2
BERIC,SAM,15
BERIC,SANSA,4
BERIC,TEELA,2
BERIC,THEON,3
BERIC,THOROS,66
BERIC,TORMUND,51
BERIC,TYRION,3
BERIC,VARYS,3
BERIC,YOHN_ROYCE,2
BERT,SHIREEN,2
BIANCA,BOBONO,10
BIANCA,CAMELLO,4
BIANCA,CERSEI,3
BIANCA,CLARENZO,8
BIANCA,IZEMBARO,13
BIANCA,JOFFREY,4
BIANCA,LADY_CRANE,16
BIANCA,MARGAERY,2
BIANCA,NED,3
BIANCA,SANSA,4
BIANCA,TYRION,3
BILLY,RICKON,2
BITER,HOUND,2
BITER,JAQEN,5
BITER,RORGE,10
BITER,YOREN,2
BLACK_HAIRED_PROSTITUTE,TYRION,17
BLACK_JACK,KEGS,4
BLACK_JACK,MULLY,4
BLACK_LORREN,DAGMER,7
BLACK_LORREN,MAESTER_LUWIN,2
BLACK_LORREN,OSHA,2
BLACK_LORREN,RODRIK,3
BLACK_LORREN,THEON,21
BLACK_WALDER,BRONN,5
BLACK_WALDER,BRYNDEN,8
BLACK_WALDER,CATELYN,3
BLACK_WALDER,EDMURE,14
BLACK_WALDER,JAIME,14
BLACK_WALDER,JOYEUSE,2
BLACK_WALDER,LOTHAR,20
BLACK_WALDER,ROBB,8
BLACK_WALDER,WALDER,15
BOBONO,CAMELLO,7
BOBONO,CERSEI,3
BOBONO,CLARENZO,10
BOBONO,IZEMBARO,9
BOBONO,JOFFREY,5
BOBONO,LADY_CRANE,16
BOBONO,MARGAERY,2
BOBONO,NED,3
BOBONO,SANSA,4
BOBONO,TYRION,4
BOBONO,TYWIN,4
BOLTON_GUARD,FIRST_MATE,3
BOLTON_GUARD,YARA,7
BORCAS,DAREON,2
BORCAS,PYP,2
BOROS,JAIME,2
BOROS,JOFFREY,2
BOROS,MERYN_TRANT,2
BOWEN_MARSH,DAREON,2
BOWEN_MARSH,DAVOS,4
BOWEN_MARSH,EDDISON_TOLLETT,4
BOWEN_MARSH,JON,6
BOWEN_MARSH,MELISANDRE,4
BOWEN_MARSH,OLLY,4
BOWEN_MARSH,OTHELL_YARWYCK,6
BOWEN_MARSH,PYP,2
BOWEN_MARSH,TORMUND,4
BRAN,BRANDON_STARK,2
BRAN,BRIENNE,13
BRAN,BRONN,3
BRAN,CATELYN,44
BRAN,CERSEI,4
BRAN,CRASTER,4
BRAN,CRASTERS_BABY,3
BRAN,DAENERYS,19
BRAN,DAGMER,6
BRAN,DAVOS,9
BRAN,DORNISH_PRINCE,2
BRAN,EDDISON_TOLLETT,4
BRAN,EDMURE,2
BRAN,FARLEN,6
BRAN,FARMER,2
BRAN,GENDRY,4
BRAN,GILLY,3
BRAN,GREY_WORM,15
BRAN,HODOR,160
BRAN,HOUND,2
BRAN,HOWLAND,2
BRAN,IRONBORN_LORD,2
BRAN,JAIME,33
BRAN,JAQEN,2
BRAN,JOFFREY,3
BRAN,JOJEN,107
BRAN,JON,82
BRAN,JORAH,6
BRAN,KARL_TANNER,7
BRAN,LEAF,26
BRAN,LITTLEFINGER,19
BRAN,LOCKE,13
BRAN,LYANNA,13
BRAN,LYANNA_MORMONT,5
BRAN,MAESTER_LUWIN,84
BRAN,MAESTER_WOLKAN,11
BRAN,MEERA,148
BRAN,MISSANDEI,6
BRAN,NED,61
BRAN,NIGHT_KING,29
BRAN,OLD_NAN,11
BRAN,ORELL,4
BRAN,OSHA,153
BRAN,PODRICK,5
BRAN,QHONO,4
BRAN,RAMSAY,3
BRAN,RAST,4
BRAN,RHAEGAR,4
BRAN,RICKON,82
BRAN,RIVERLANDS_LORD,2
BRAN,ROBB,59
BRAN,ROBERT,7
BRAN,ROBIN,2
BRAN,RODRIK,25
BRAN,SAM,63
BRAN,SANSA,79
BRAN,THEON,107
BRAN,THREE_EYED_RAVEN,85
BRAN,TORMUND,6
BRAN,TYRION,72
BRAN,VALE_LORD,2
BRAN,VARYS,8
BRAN,WILL,3
BRAN,WINTERFELL_SHEPHERD,3
BRAN,YARA,2
BRAN,YGRITTE,2
BRAN,YOHN_ROYCE,9
BRAND,DERRYK,11
BRAND,SAM,6
BRANDON_STARK,CATELYN,5
BRANDON_STARK,JOJEN,3
BRANDON_STARK,JON,2
BRANDON_STARK,NED,3
BRANDON_STARK,RICKARD_STARK,2
BRIAN,JON,2
BRIENNE,BRONN,12
BRIENNE,BRYNDEN,32
BRIENNE,CATELYN,73
BRIENNE,CERSEI,18
BRIENNE,COLEN,2
BRIENNE,DAENERYS,11
BRIENNE,DAVOS,35
BRIENNE,DORNISH_PRINCE,2
BRIENNE,EDDISON_TOLLETT,12
BRIENNE,EDMURE,2
BRIENNE,EURON,2
BRIENNE,GENDRY,13
BRIENNE,GREY_WORM,23
BRIENNE,HOT_PIE,25
BRIENNE,HOUND,47
BRIENNE,IRONBORN_LORD,2
BRIENNE,JACKS,7
BRIENNE,JAIME,397
BRIENNE,JOFFREY,6
BRIENNE,JON,30
BRIENNE,JORAH,15
BRIENNE,LITTLEFINGER,48
BRIENNE,LOCKE,15
BRIENNE,LORAS,9
BRIENNE,LYANNA_MORMONT,11
BRIENNE,MAESTER_WOLKAN,6
BRIENNE,MARGAERY,17
BRIENNE,MELISANDRE,12
BRIENNE,MISSANDEI,6
BRIENNE,MOUNTAIN,3
BRIENNE,NED,2
BRIENNE,OLENNA,5
BRIENNE,PODRICK,251
BRIENNE,QHONO,6
BRIENNE,QYBURN,3
BRIENNE,RENLY,39
BRIENNE,RICKARD_KARSTARK,2
BRIENNE,RIVERLANDS_LORD,2
BRIENNE,ROBB,5
BRIENNE,ROBERT,2
BRIENNE,ROBETT,4
BRIENNE,ROBIN,2
BRIENNE,ROOSE_BOLTON,9
BRIENNE,SAM,23
BRIENNE,SANSA,120
BRIENNE,SELWYN,8
BRIENNE,STANNIS,18
BRIENNE,THEON,10
BRIENNE,TORMUND,55
BRIENNE,TYRION,55
BRIENNE,VALE_LORD,2
BRIENNE,VARYS,11
BRIENNE,YARA,2
BRIENNE,YOHN_ROYCE,10
BRONN,BRYNDEN,2
BRONN,CATELYN,7
BRONN,CERSEI,18
BRONN,CRAYAH,7
BRONN,DAENERYS,10
BRONN,DAVOS,13
BRONN,DICKON,11
BRONN,DIRAH,5
BRONN,DORAN,6
BRONN,DORNISH_RIDER,12
BRONN,EDMURE,3
BRONN,ELLARIA,3
BRONN,FALYSE,4
BRONN,GREY_WORM,2
BRONN,HAYLENE,10
BRONN,HIGH_SEPTON,2
BRONN,HOUND,16
BRONN,JAIME,284
BRONN,JANOS,3
BRONN,JOFFREY,15
BRONN,JON,3
BRONN,JORAH,2
BRONN,KEVAN,2
BRONN,LANCEL,6
BRONN,LOLLYS,17
BRONN,LORAS,2
BRONN,LOTHAR,4
BRONN,LYSA,5
BRONN,MAREI,5
BRONN,MARGAERY,2
BRONN,MARILLION,2
BRONN,MERYN_TRANT,13
BRONN,MORD,3
BRONN,MORGAN,4
BRONN,MORGANS_FRIEND,2
BRONN,MOUNTAIN,3
BRONN,MYRCELLA,9
BRONN,NYMERIA,5
BRONN,OBARA,7
BRONN,OBERYN,8
BRONN,OLENNA,4
BRONN,PODRICK,61
BRONN,PYCELLE,8
BRONN,QYBURN,20
BRONN,RANDYLL,8
BRONN,ROBIN,3
BRONN,RODRIK,6
BRONN,SAM,8
BRONN,SANSA,7
BRONN,SHAE,18
BRONN,SHAGGA,5
BRONN,TARYN_MANT,2
BRONN,THEON,2
BRONN,TIMETT,4
BRONN,TRYSTANE,6
BRONN,TYENE,34
BRONN,TYRION,389
BRONN,TYWIN,12
BRONN,VARDIS_EGEN,4
BRONN,VARYS,16
BRONN,WALDER,2
BRYNDEN,CATELYN,27
BRYNDEN,EDMURE,29
BRYNDEN,GUARD_CAPTAIN,6
BRYNDEN,HOSTER,2
BRYNDEN,JAIME,35
BRYNDEN,LOTHAR,7
BRYNDEN,MINISA,2
BRYNDEN,PODRICK,6
BRYNDEN,RICKARD_KARSTARK,5
BRYNDEN,ROBB,17
BRYNDEN,ROOSE_BOLTON,8
BRYNDEN,ROSLIN,2
BRYNDEN,SANSA,6
BRYNDEN,TALISA,8
BRYNDEN,WALDER,11
CAMELLO,CLARENZO,6
CAMELLO,IZEMBARO,6
CAMELLO,LADY_CRANE,21
CAMELLO,NED,2
CAMELLO,SANSA,2
CAMELLO,TYRION,2
CAPTAINS_DAUGHTER,THEON,17
CATELYN,CERSEI,26
CATELYN,COLEN,4
CATELYN,DAENERYS,2
CATELYN,DAVOS,2
CATELYN,EDMURE,17
CATELYN,GREATJON_UMBER,11
CATELYN,HOSTER,13
CATELYN,HOUND,4
CATELYN,JACKS,8
CATELYN,JAIME,70
CATELYN,JOFFREY,8
CATELYN,JON,16
CATELYN,JON_ARRYN,6
CATELYN,JOYEUSE,6
CATELYN,LITTLEFINGER,64
CATELYN,LORAS,9
CATELYN,LOTHAR,2
CATELYN,LYSA,41
CATELYN,MAESTER_LUWIN,26
CATELYN,MARGAERY,5
CATELYN,MARILLION,4
CATELYN,MASHA_HEDDLE,3
CATELYN,MELISANDRE,2
CATELYN,MORD,5
CATELYN,NED,86
CATELYN,RENLY,30
CATELYN,RICKARD_KARSTARK,22
CATELYN,RICKON,4
CATELYN,ROBB,232
CATELYN,ROBERT,15
CATELYN,ROBIN,10
CATELYN,RODRIK,28
CATELYN,ROOSE_BOLTON,17
CATELYN,ROSLIN,4
CATELYN,SANSA,39
CATELYN,STANNIS,13
CATELYN,STEVRON_FREY,2
CATELYN,TALISA,44
CATELYN,THEON,16
CATELYN,TYRION,54
CATELYN,TYWIN,6
CATELYN,VARDIS_EGEN,13
CATELYN,VARYS,11
CATELYN,WALDER,53
CATELYN,YOREN,3
CERSEI,CERSEIS_BABY,2
CERSEI,CLARENZO,4
CERSEI,DAENERYS,69
CERSEI,DAVOS,6
CERSEI,DONTOS,6
CERSEI,ELIA,2
CERSEI,ELLARIA,30
CERSEI,EURON,78
CERSEI,FOOL,2
CERSEI,GREY_WORM,5
CERSEI,HARRY,11
CERSEI,HAYLENE,2
CERSEI,HIGH_SEPTON,15
CERSEI,HIGH_SPARROW,111
CERSEI,HOUND,22
CERSEI,ILYN_PAYNE,8
CERSEI,IZEMBARO,3
CERSEI,JAIME,509
CERSEI,JANOS,11
CERSEI,JEOR,2
CERSEI,JOANNA,4
CERSEI,JOFFREY,217
CERSEI,JOFFREY_DWARF,2
CERSEI,JON,30
CERSEI,JON_ARRYN,3
CERSEI,JORAH,2
CERSEI,KEVAN,39
CERSEI,LADY_CRANE,6
CERSEI,LANCEL,60
CERSEI,LITTLEFINGER,103
CERSEI,LORAS,48
CERSEI,LYANNA,2
CERSEI,MACE,45
CERSEI,MAGGY,20
CERSEI,MANDON,3
CERSEI,MARGAERY,131
CERSEI,MATTHOS,2
CERSEI,MELARA,12
CERSEI,MERYN_TRANT,30
CERSEI,MISSANDEI,9
CERSEI,MOUNTAIN,75
CERSEI,MYRCELLA,34
CERSEI,NED,100
CERSEI,NIGHT_KING,2
CERSEI,OBERYN,63
CERSEI,OLENNA,87
CERSEI,OLYVAR,4
CERSEI,PODRICK,9
CERSEI,PYCELLE,95
CERSEI,QYBURN,173
CERSEI,RANDYLL,6
CERSEI,RENLY,3
CERSEI,ROBB,14
CERSEI,ROBB_DWARF,2
CERSEI,ROBERT,98
CERSEI,ROOSE_BOLTON,4
CERSEI,ROS,2
CERSEI,SALLADHOR,2
CERSEI,SANSA,144
CERSEI,SEPTA_UNELLA,26
CERSEI,SHAE,28
CERSEI,SON_OF_EDMURE,2
CERSEI,STANNIS,9
CERSEI,TARYN_MANT,4
CERSEI,THEON,4
CERSEI,TOMMEN,160
CERSEI,TYCHO,37
CERSEI,TYENE,15
CERSEI,TYRION,442
CERSEI,TYWIN,214
CERSEI,VARYS,56
CERSEI,YARA,2
CERSEI,YOREN,2
CERSEIS_BABY,JAIME,2
CERSEIS_BABY,TYRION,2
CERWYN,RAMSAY,2
CLARENZO,IZEMBARO,9
CLARENZO,JOFFREY,5
CLARENZO,LADY_CRANE,11
CLARENZO,MARGAERY,3
CLARENZO,ROBERT,2
CLARENZO,SANSA,4
CLARENZO,TYRION,5
COHOLLO,DROGO,3
COLEN,LORAS,2
COLEN,MARGAERY,2
COLEN,RENLY,2
COOPER,DONNEL_HILL,3
COOPER,GRENN,4
CRASTER,CRASTERS_BABY,2
CRASTER,EDDISON_TOLLETT,12
CRASTER,GILLY,6
CRASTER,GRENN,7
CRASTER,HODOR,2
CRASTER,JEOR,46
CRASTER,JOJEN,3
CRASTER,JON,28
CRASTER,KARL_TANNER,18
CRASTER,LOCKE,4
CRASTER,MANCE,4
CRASTER,MEERA,3
CRASTER,MORAG,4
CRASTER,RAST,13
CRASTER,SAM,13
CRASTER,SISSY,4
CRASTERS_BABY,HODOR,2
CRASTERS_BABY,JOJEN,2
CRASTERS_BABY,KARL_TANNER,2
CRASTERS_BABY,MEERA,3
CRASTERS_BABY,NIGHT_KING,2
CRASTERS_BABY,RAST,4
CRASTERS_BABY,SISSY,4
CRASTERS_BABY,WHITE_WALKER,2
CRAYAH,DIRAH,12
CRAYAH,MAREI,3
CRAYAH,QYBURN,3
CRAYAH,WILLIAM,2
CRESSEN,DAVOS,16
CRESSEN,MATTHOS,2
CRESSEN,MELISANDRE,10
CRESSEN,STANNIS,5
DAARIO,DAENERYS,225
DAARIO,DOSH_KHALEEN_LEADER,2
DAARIO,GREY_WORM,40
DAARIO,HIZDAHR,24
DAARIO,JORAH,104
DAARIO,KHAL_MORO,2
DAARIO,LHAZAREEN_WOMAN,4
DAARIO,MEEREEN_CHAMPION,4
DAARIO,MERO,17
DAARIO,MISSANDEI,32
DAARIO,MOSSADOR,6
DAARIO,PRENDAHL,7
DAARIO,QUICK,2
DAARIO,STRONG,2
DAARIO,TYRION,27
DAENERYS,DAVOS,50
DAENERYS,DICKON,12
DAENERYS,DOREAH,54
DAENERYS,DOSH_KHALEEN_LEADER,8
DAENERYS,DROGO,113
DAENERYS,EDDISON_TOLLETT,2
DAENERYS,ELLARIA,3
DAENERYS,EURON,17
DAENERYS,FENNESZ,15
DAENERYS,GENDRY,23
DAENERYS,GOATHERD,5
DAENERYS,GREIZHEN,3
DAENERYS,GREY_WORM,110
DAENERYS,HIZDAHR,93
DAENERYS,HIZDAHRS_FATHER,4
DAENERYS,HOUND,13
DAENERYS,ILLYRIO,10
DAENERYS,IRRI,47
DAENERYS,JAIME,43
DAENERYS,JHIQUI,2
DAENERYS,JON,372
DAENERYS,JORAH,594
DAENERYS,KHAL_MORO,34
DAENERYS,KINVARA,5
DAENERYS,KOVARRO,31
DAENERYS,KRAZNYS_MO_NAKLOZ,23
DAENERYS,LHAZAREEN_WOMAN,15
DAENERYS,LITTLEFINGER,2
DAENERYS,LYANNA,2
DAENERYS,LYANNA_MORMONT,7
DAENERYS,MAESTER_WOLKAN,10
DAENERYS,MAGO,8
DAENERYS,MALAKKO,3
DAENERYS,MANSERVANT,3
DAENERYS,MASTER_MIGHDAL,2
DAENERYS,MEEREEN_CHAMPION,7
DAENERYS,MELISANDRE,13
DAENERYS,MERO,16
DAENERYS,MIRRI_MAZ_DUUR,45
DAENERYS,MISSANDEI,221
DAENERYS,MOSSADOR,28
DAENERYS,MOUNTAIN,6
DAENERYS,NED,6
DAENERYS,NED_UMBER,2
DAENERYS,NIGHT_KING,20
DAENERYS,OLENNA,16
DAENERYS,OWNER,5
DAENERYS,PODRICK,4
DAENERYS,PRENDAHL,8
DAENERYS,PYATT_PREE,23
DAENERYS,QHONO,4
DAENERYS,QOTHO,28
DAENERYS,QUAITHE,4
DAENERYS,QUICK,2
DAENERYS,QYBURN,6
DAENERYS,RADZAI_MO_ERAZ,19
DAENERYS,RAKHARO,29
DAENERYS,RANDYLL,17
DAENERYS,RAZDAL,6
DAENERYS,RED_PRIEST,3
DAENERYS,RHAEGAR,2
DAENERYS,RHAEGO,17
DAENERYS,ROBERT,13
DAENERYS,SAM,26
DAENERYS,SANSA,73
DAENERYS,SILK_KING,4
DAENERYS,SPICE_KING,58
DAENERYS,STRONG,2
DAENERYS,THEON,33
DAENERYS,TORMUND,21
DAENERYS,TYRION,468
DAENERYS,TYWIN,4
DAENERYS,VALA,2
DAENERYS,VARYS,132
DAENERYS,VISERYS,75
DAENERYS,WINE_MERCHANT,19
DAENERYS,XARO,80
DAENERYS,YARA,24
DAENERYS,YEZZAN,4
DAENERYS,YOHN_ROYCE,6
DAGMER,FARLEN,2
DAGMER,HODOR,2
DAGMER,MAESTER_LUWIN,5
DAGMER,OSHA,3
DAGMER,RICKON,4
DAGMER,RODRIK,3
DAGMER,THEON,48
DAGMER,YARA,2
DAISY,JOFFREY,7
DAISY,ROS,17
DAREON,GRENN,2
DAREON,HOBB,2
DAREON,JEOR,2
DAREON,JON,4
DAREON,LUKE,2
DAREON,MAESTER_AEMON,2
DAREON,PYP,8
DAREON,RAST,2
DAREON,SAM,6
DAVOS,DIM_DALBA,2
DAVOS,DORNISH_PRINCE,2
DAVOS,EDDISON_TOLLETT,34
DAVOS,EDMURE,2
DAVOS,EURON,3
DAVOS,FATHER_SEAWORTH,2
DAVOS,GENDRY,111
DAVOS,GILLY,6
DAVOS,GLOVER,3
DAVOS,GRENN,2
DAVOS,GREY_WORM,29
DAVOS,HARALD,3
DAVOS,HARRY,2
DAVOS,HOUND,8
DAVOS,IRONBORN_LORD,2
DAVOS,JAIME,13
DAVOS,JOFFREY,2
DAVOS,JON,261
DAVOS,JORAH,18
DAVOS,LITTLEFINGER,9
DAVOS,LORAS,2
DAVOS,LYANNA_MORMONT,24
DAVOS,MAESTER_AEMON,2
DAVOS,MAESTER_MORMONT,4
DAVOS,MAESTER_WOLKAN,6
DAVOS,MANCE,6
DAVOS,MARYA,2
DAVOS,MATTHOS,59
DAVOS,MELISANDRE,183
DAVOS,MISSANDEI,35
DAVOS,MOUNTAIN,2
DAVOS,NIGHT_KING,3
DAVOS,OLLY,14
DAVOS,OTHELL_YARWYCK,2
DAVOS,PODRICK,13
DAVOS,QHONO,4
DAVOS,QYBURN,2
DAVOS,RAMSAY,8
DAVOS,RENLY,12
DAVOS,RICKON,2
DAVOS,RIVERLANDS_LORD,2
DAVOS,ROBB,4
DAVOS,ROBERT,5
DAVOS,ROBETT,4
DAVOS,ROBIN,2
DAVOS,RYLENE,2
DAVOS,SALLADHOR,69
DAVOS,SAM,18
DAVOS,SANSA,64
DAVOS,SELYSE,15
DAVOS,SHIREEN,103
DAVOS,SMALLJON,6
DAVOS,STANNIS,316
DAVOS,TEELA,4
DAVOS,THEON,15
DAVOS,TORMUND,76
DAVOS,TYCHO,18
DAVOS,TYRION,118
DAVOS,VALE_LORD,2
DAVOS,VARYS,24
DAVOS,WUN_WUN,9
DAVOS,YARA,2
DAVOS,YOHN_ROYCE,8
DERRYK,GILLY,5
DERRYK,SAM,7
DESMOND,ELDRICK,2
DESMOND,SANSA,2
DESMOND,TYRION,2
DICKON,GILLY,4
DICKON,JAIME,24
DICKON,MELESSA,2
DICKON,OLENNA,2
DICKON,RANDYLL,30
DICKON,SAM,15
DICKON,TALLA,2
DICKON,TYRION,4
DIM_DALBA,JON,5
DIM_DALBA,SANSA,2
DIM_DALBA,TORMUND,4
DIM_DALBA,WUN_WUN,3
DIRAH,MAREI,3
DOM,VALA,3
DOM,VARYS,5
DONGO_THE_GIANT,JON,2
DONGO_THE_GIANT,MAG_THE_MIGHTY,7
DONNEL_HILL,GRENN,8
DONNEL_HILL,MAG_THE_MIGHTY,2
DONNEL_WAYNWOOD,HOUND,3
DONTOS,JOFFREY,19
DONTOS,LITTLEFINGER,11
DONTOS,MERYN_TRANT,4
DONTOS,SANSA,32
DONTOS,TYRION,5
DORAN,ELLARIA,41
DORAN,JAIME,24
DORAN,MAESTER_DORNE,5
DORAN,MYRCELLA,9
DORAN,OBARA,2
DORAN,OBERYN,10
DORAN,TOMMEN,3
DORAN,TRYSTANE,9
DORAN,TYENE,6
DORAN,TYRION,3
DOREAH,DROGO,3
DOREAH,IROGENIA,2
DOREAH,IRRI,9
DOREAH,JHIQUI,2
DOREAH,JORAH,9
DOREAH,KOVARRO,4
DOREAH,VISERYS,30
DOREAH,WINE_MERCHANT,3
DOREAH,XARO,13
DORNISH_LORD,OBERYN,2
DORNISH_LORD,TYRION,7
DORNISH_PRINCE,EDMURE,2
DORNISH_PRINCE,GENDRY,2
DORNISH_PRINCE,GREY_WORM,2
DORNISH_PRINCE,IRONBORN_LORD,2
DORNISH_PRINCE,MAESTER_WOLKAN,2
DORNISH_PRINCE,RIVERLANDS_LORD,2
DORNISH_PRINCE,ROBIN,3
DORNISH_PRINCE,SAM,2
DORNISH_PRINCE,SANSA,2
DORNISH_PRINCE,TYRION,2
DORNISH_PRINCE,VALE_LORD,2
DORNISH_PRINCE,YARA,4
DORNISH_PRINCE,YOHN_ROYCE,2
DORNISH_RIDER,JAIME,4
DOSH_KHALEEN_LEADER,JORAH,2
DOSH_KHALEEN_LEADER,LHAZAREEN_WOMAN,8
DROGO,ILLYRIO,6
DROGO,IRRI,2
DROGO,JON,2
DROGO,JORAH,22
DROGO,KHAL_MORO,5
DROGO,MAGO,10
DROGO,MIRRI_MAZ_DUUR,9
DROGO,QOTHO,6
DROGO,RAKHARO,5
DROGO,RHAEGAR,2
DROGO,RHAEGO,9
DROGO,ROBERT,2
DROGO,VISERYS,27
DROWNED_PRIEST,THEON,5
DYING_MAN,HOUND,12
EDDISON_TOLLETT,GENDRY,3
EDDISON_TOLLETT,GILLY,8
EDDISON_TOLLETT,GRENN,70
EDDISON_TOLLETT,GREY_WORM,4
EDDISON_TOLLETT,HOUND,3
EDDISON_TOLLETT,JAIME,3
EDDISON_TOLLETT,JANOS,11
EDDISON_TOLLETT,JEOR,8
EDDISON_TOLLETT,JON,117
EDDISON_TOLLETT,JORAH,4
EDDISON_TOLLETT,KARL_TANNER,2
EDDISON_TOLLETT,LITTLE_SAM,2
EDDISON_TOLLETT,LOCKE,5
EDDISON_TOLLETT,LYANNA_MORMONT,2
EDDISON_TOLLETT,MAESTER_AEMON,2
EDDISON_TOLLETT,MEERA,4
EDDISON_TOLLETT,MELISANDRE,13
EDDISON_TOLLETT,MORAG,5
EDDISON_TOLLETT,NED_UMBER,2
EDDISON_TOLLETT,OLLY,13
EDDISON_TOLLETT,OTHELL_YARWYCK,2
EDDISON_TOLLETT,PODRICK,4
EDDISON_TOLLETT,PYP,9
EDDISON_TOLLETT,RAST,11
EDDISON_TOLLETT,SAM,72
EDDISON_TOLLETT,SANSA,13
EDDISON_TOLLETT,SELYSE,2
EDDISON_TOLLETT,SHIREEN,2
EDDISON_TOLLETT,SISSY,4
EDDISON_TOLLETT,STANNIS,6
EDDISON_TOLLETT,TEELA,2
EDDISON_TOLLETT,TORMUND,36
EDDISON_TOLLETT,WUN_WUN,3
EDMURE,FREY_SEPTON,4
EDMURE,GENDRY,2
EDMURE,GREY_WORM,2
EDMURE,GUARD_CAPTAIN,7
EDMURE,HOSTER,2
EDMURE,HOUND,2
EDMURE,IRONBORN_LORD,2
EDMURE,JAIME,31
EDMURE,JOYEUSE,2
EDMURE,LOTHAR,13
EDMURE,MAESTER_WOLKAN,3
EDMURE,MOUNTAIN,2
EDMURE,RICKARD_KARSTARK,4
EDMURE,RIVERLANDS_LORD,3
EDMURE,ROBB,46
EDMURE,ROBIN,3
EDMURE,ROOSE_BOLTON,3
EDMURE,ROSLIN,12
EDMURE,SAM,3
EDMURE,SANSA,5
EDMURE,SON_OF_EDMURE,2
EDMURE,TALISA,8
EDMURE,TYRION,3
EDMURE,TYWIN,2
EDMURE,VALE_LORD,2
EDMURE,WALDER,15
EDMURE,YARA,2
EDMURE,YOHN_ROYCE,4
ELDER_MEEREEN_SLAVE,GREY_WORM,4
ELDER_MEEREEN_SLAVE,MEEREEN_SLAVE,4
ELDER_MEEREEN_SLAVE,MOSSADOR,6
ELIA,MOUNTAIN,4
ELIA,OBERYN,14
ELIA,TYWIN,4
ELLARIA,EURON,5
ELLARIA,GREY_WORM,2
ELLARIA,JAIME,25
ELLARIA,JOFFREY,3
ELLARIA,LORAS,3
ELLARIA,MACE,2
ELLARIA,MAESTER_DORNE,2
ELLARIA,MAREI,9
ELLARIA,MARGAERY,2
ELLARIA,MISSANDEI,2
ELLARIA,MORGAN,8
ELLARIA,MORGANS_FRIEND,2
ELLARIA,MOUNTAIN,10
ELLARIA,MYRCELLA,10
ELLARIA,NYMERIA,9
ELLARIA,OBARA,17
ELLARIA,OBERYN,58
ELLARIA,OLENNA,12
ELLARIA,OLYVAR,18
ELLARIA,PODRICK,4
ELLARIA,QYBURN,6
ELLARIA,SANSA,2
ELLARIA,THEON,8
ELLARIA,TRYSTANE,4
ELLARIA,TYENE,37
ELLARIA,TYRION,18
ELLARIA,TYWIN,9
ELLARIA,VARYS,5
ELLARIA,YARA,25
ENDREW,JAIME,7
ENDREW,JOFFREY,5
EURON,GREY_WORM,2
EURON,HARRY,4
EURON,HOUND,2
EURON,JAIME,43
EURON,JON,5
EURON,MISSANDEI,4
EURON,MOUNTAIN,15
EURON,NYMERIA,4
EURON,OBARA,4
EURON,QYBURN,10
EURON,THEON,36
EURON,TYENE,6
EURON,TYRION,12
EURON,VARYS,2
EURON,YARA,44
FARLEN,RICKON,2
FARLEN,THEON,3
FARMER,HODOR,2
FARMER,JOJEN,3
FARMER,JON,8
FARMER,MEERA,2
FARMER,ORELL,4
FARMER,OSHA,2
FARMER,RICKON,2
FARMER,TORMUND,7
FARMER,YGRITTE,6
FARMER_HAMLET,HOUND,20
FARMER_HAMLET,SALLY,11
FENNESZ,MASTER_MIGHDAL,5
FENNESZ,MISSANDEI,2
FIRST_MATE,THEON,5
FIRST_MATE,YARA,6
FLYNN,LEM,2
FLYNN,MORGAN,2
FLYNN,RAY,2
FOOL,JOFFREY,2
FOOL,TYWIN,2
FREY_DAUGHTER,ROBB,2
FREY_SEPTON,ROSLIN,2
FREY_SEPTON,WALDER,2
GALBART_GLOVER,GREATJON_UMBER,2
GALBART_GLOVER,JONOS_BRACKEN,2
GALBART_GLOVER,ROBB,2
GARED,ROYCE,5
GARED,WILL,4
GATINS,HOUND,9
GENDRY,GREY_WORM,16
GENDRY,HOT_PIE,40
GENDRY,HOUND,49
GENDRY,IRONBORN_LORD,2
GENDRY,JAIME,13
GENDRY,JAQEN,4
GENDRY,JON,37
GENDRY,JORAH,21
GENDRY,LOMMY,4
GENDRY,LYANNA_MORMONT,2
GENDRY,MAESTER_WOLKAN,2
GENDRY,MELISANDRE,48
GENDRY,MOUNTAIN,3
GENDRY,NED,14
GENDRY,PODRICK,8
GENDRY,QHONO,2
GENDRY,RIVERLANDS_LORD,2
GENDRY,ROBERT,14
GENDRY,ROBIN,2
GENDRY,RORGE,3
GENDRY,SAM,17
GENDRY,SANSA,5
GENDRY,STANNIS,9
GENDRY,THOROS,34
GENDRY,TICKLER,6
GENDRY,TOBHO_MOTT,5
GENDRY,TORMUND,34
GENDRY,TYRION,10
GENDRY,TYWIN,6
GENDRY,VALE_LORD,3
GENDRY,VARYS,2
GENDRY,YARA,2
GENDRY,YOHN_ROYCE,3
GENDRY,YOREN,9
GERARD,RENLY,5
GILLY,GRENN,2
GILLY,HODOR,3
GILLY,JANOS,7
GILLY,JOJEN,4
GILLY,JON,25
GILLY,LITTLE_SAM,70
GILLY,MAESTER_AEMON,14
GILLY,MAESTER_CITADEL,4
GILLY,MEERA,8
GILLY,MELESSA,15
GILLY,MELISANDRE,2
GILLY,MISSANDEI,4
GILLY,MOLES_TOWN_MADAM,2
GILLY,MOLES_TOWN_WHORE,24
GILLY,OLLY,7
GILLY,PODRICK,2
GILLY,PYP,7
GILLY,RANDYLL,11
GILLY,RAST,2
GILLY,SAM,392
GILLY,SANSA,8
GILLY,SELYSE,6
GILLY,SHIREEN,18
GILLY,STANNIS,4
GILLY,STYR,4
GILLY,TALLA,8
GILLY,TEELA,2
GILLY,TORMUND,8
GILLY,TYRION,8
GILLY,VARYS,8
GILLY,YGRITTE,4
GLOVER,JON,7
GLOVER,MANDERLY,4
GLOVER,ROBB,2
GLOVER,ROBETT,2
GLOVER,SANSA,3
GOATHERD,GOATHERDS_SON,2
GOATHERD,GREY_WORM,2
GOATHERD,JORAH,2
GOATHERD,MISSANDEI,6
GREATJON_UMBER,JAIME,3
GREATJON_UMBER,NED,2
GREATJON_UMBER,RENLY,2
GREATJON_UMBER,RICKARD_KARSTARK,2
GREATJON_UMBER,ROBB,31
GREATJON_UMBER,RODRIK,7
GREATJON_UMBER,STANNIS,2
GREATJON_UMBER,THEON,11
GREATJON_UMBER,TYWIN,3
GREATJON_UMBER,WALDER,2
GREIZHEN,JORAH,2
GREIZHEN,KRAZNYS_MO_NAKLOZ,2
GREIZHEN,MISSANDEI,4
GRENN,JANOS,13
GRENN,JEOR,11
GRENN,JON,82
GRENN,KARL_TANNER,2
GRENN,LOCKE,14
GRENN,MAESTER_AEMON,2
GRENN,MAG_THE_MIGHTY,7
GRENN,MELISANDRE,2
GRENN,MORAG,5
GRENN,OLLY,6
GRENN,PYP,44
GRENN,RAST,23
GRENN,SAM,75
GRENN,SELYSE,2
GRENN,SHIREEN,2
GRENN,SISSY,4
GRENN,STANNIS,2
GRENN,TYRION,6
GRENN,YGRITTE,2
GREY_WORM,HARRY,2
GREY_WORM,HOUND,6
GREY_WORM,IRONBORN_LORD,2
GREY_WORM,JAIME,21
GREY_WORM,JON,52
GREY_WORM,JORAH,41
GREY_WORM,LYANNA_MORMONT,7
GREY_WORM,MAESTER_WOLKAN,4
GREY_WORM,MELISANDRE,7
GREY_WORM,MERO,2
GREY_WORM,MISSANDEI,183
GREY_WORM,MOSSADOR,5
GREY_WORM,MOUNTAIN,3
GREY_WORM,OLENNA,2
GREY_WORM,PODRICK,7
GREY_WORM,QHONO,6
GREY_WORM,RAZDAL,7
GREY_WORM,RIVERLANDS_LORD,2
GREY_WORM,ROBIN,2
GREY_WORM,SAM,23
GREY_WORM,SANSA,18
GREY_WORM,THEON,9
GREY_WORM,TORMUND,23
GREY_WORM,TYRION,142
GREY_WORM,UNSULLIED_CAPTAIN,3
GREY_WORM,VALE_LORD,2
GREY_WORM,VARYS,53
GREY_WORM,YARA,7
GREY_WORM,YEZZAN,10
GREY_WORM,YOHN_ROYCE,5
GUYMON,OLLY,7
GUYMON,OLLYS_MOTHER,3
GUYMON,STYR,2
GUYMON,YGRITTE,2
HARALD,JON,3
HARALD,LYANNA_MORMONT,2
HARALD,RAMSAY,4
HARALD,SANSA,3
HARALD,SMALLJON,3
HARALD,TORMUND,3
HARRAG,THEON,24
HARRAG,YARA,3
HARREN,TYWIN,2
HARRY,JON,2
HAYLENE,HOUND,4
HAYLENE,JOFFREY,4
HAYLENE,PODRICK,2
HAYLENE,TYRION,13
HIGH_SEPTON,HIGH_SPARROW,4
HIGH_SEPTON,JAIME,4
HIGH_SEPTON,JOFFREY,8
HIGH_SEPTON,LANCEL,6
HIGH_SEPTON,LORAS,2
HIGH_SEPTON,MACE,7
HIGH_SEPTON,MARGAERY,7
HIGH_SEPTON,MYRCELLA,2
HIGH_SEPTON,NED,2
HIGH_SEPTON,OLENNA,2
HIGH_SEPTON,OLYVAR,11
HIGH_SEPTON,PYCELLE,4
HIGH_SEPTON,QYBURN,6
HIGH_SEPTON,SAM,2
HIGH_SEPTON,SANSA,2
HIGH_SEPTON,TOMMEN,5
HIGH_SEPTON,TYRION,2
HIGH_SEPTON,TYWIN,2
HIGH_SPARROW,JAIME,33
HIGH_SPARROW,KEVAN,3
HIGH_SPARROW,LANCEL,8
HIGH_SPARROW,LORAS,43
HIGH_SPARROW,MACE,6
HIGH_SPARROW,MARGAERY,93
HIGH_SPARROW,MERYN_TRANT,2
HIGH_SPARROW,OLENNA,34
HIGH_SPARROW,OLYVAR,9
HIGH_SPARROW,RENLY,4
HIGH_SPARROW,ROBERT,4
HIGH_SPARROW,SEPTA_UNELLA,12
HIGH_SPARROW,TOMMEN,57
HIZDAHR,HIZDAHRS_FATHER,7
HIZDAHR,JORAH,6
HIZDAHR,MANSERVANT,5
HIZDAHR,MISSANDEI,8
HIZDAHR,MOSSADOR,7
HIZDAHR,OWNER,2
HIZDAHR,QUICK,2
HIZDAHR,STRONG,2
HIZDAHR,TYRION,13
HODOR,JOJEN,44
HODOR,JON,2
HODOR,LEAF,12
HODOR,LOCKE,7
HODOR,LYANNA,4
HODOR,MAESTER_LUWIN,9
HODOR,MEERA,73
HODOR,NED,5
HODOR,NIGHT_KING,4
HODOR,OLD_NAN,2
HODOR,ORELL,3
HODOR,OSHA,38
HODOR,RAST,3
HODOR,RICKON,25
HODOR,ROBB,3
HODOR,SAM,8
HODOR,THEON,8
HODOR,THREE_EYED_RAVEN,17
HODOR,TORMUND,2
HODOR,TYRION,3
HODOR,YGRITTE,2
HOSTER,JON_ARRYN,2
HOSTER,LITTLEFINGER,2
HOSTER,LYSA,3
HOSTER,ROBB,5
HOSTER,WALDER,6
HOT_PIE,JAQEN,3
HOT_PIE,JON,2
HOT_PIE,LOMMY,10
HOT_PIE,LOMMY_GREENHANDS,12
HOT_PIE,MOUNTAIN,3
HOT_PIE,PODRICK,5
HOT_PIE,POLLIVER,2
HOT_PIE,THOROS,6
HOT_PIE,TICKLER,2
HOUND,ILYN_PAYNE,5
HOUND,INNKEEPER,3
HOUND,INNKEEPERS_DAUGHTER,2
HOUND,JAIME,15
HOUND,JOFFREY,73
HOUND,JON,31
HOUND,JORAH,35
HOUND,LANCEL,9
HOUND,LEM,6
HOUND,LITTLEFINGER,5
HOUND,LOMMY,2
HOUND,LORAS,4
HOUND,LYSA,6
HOUND,MELISANDRE,8
HOUND,MERYN_TRANT,17
HOUND,MISSANDEI,2
HOUND,MOUNTAIN,39
HOUND,NED,14
HOUND,NIGHT_KING,5
HOUND,NORA,4
HOUND,PODRICK,16
HOUND,POLLIVER,29
HOUND,QHONO,2
HOUND,QYBURN,7
HOUND,RAY,41
HOUND,ROBB,4
HOUND,ROBERT,6
HOUND,ROOSE_BOLTON,2
HOUND,RORGE,6
HOUND,SALLY,6
HOUND,SAM,8
HOUND,SANSA,73
HOUND,SARRA,3
HOUND,SHAE,3
HOUND,STANNIS,2
HOUND,SYRIO_FOREL,3
HOUND,THEON,4
HOUND,THOROS,99
HOUND,TOMMEN,2
HOUND,TOMMY,2
HOUND,TORMUND,79
HOUND,TYRION,50
HOUND,VARYS,5
HOUND,VICKY,3
HOUND,WHITE_WALKER,2
HOUND,WILLA,2
HOUND,YOREN,2
HOWLAND,MEERA,2
HOWLAND,NED,4
HOWLAND,THREE_EYED_RAVEN,3
HUGH_OF_THE_VALE,JON_ARRYN,2
HUGH_OF_THE_VALE,JORY_CASSEL,7
HUGH_OF_THE_VALE,LITTLEFINGER,4
HUGH_OF_THE_VALE,MOUNTAIN,2
HUGH_OF_THE_VALE,NED,6
HUGH_OF_THE_VALE,SANSA,2
ILLYRIO,JORAH,2
ILLYRIO,VARYS,9
ILLYRIO,VISERYS,25
ILYN_PAYNE,JOFFREY,6
ILYN_PAYNE,LANCEL,2
ILYN_PAYNE,MERYN_TRANT,4
ILYN_PAYNE,NED,6
ILYN_PAYNE,SANSA,8
ILYN_PAYNE,SHAE,4
ILYN_PAYNE,TOMMEN,2
ILYN_PAYNE,VARYS,2
ILYN_PAYNE,YOREN,4
INNKEEPER,POLLIVER,3
INNKEEPER,TOMMY,2
IRONBORN_LORD,MAESTER_WOLKAN,2
IRONBORN_LORD,RIVERLANDS_LORD,2
IRONBORN_LORD,ROBIN,2
IRONBORN_LORD,SAM,2
IRONBORN_LORD,SANSA,2
IRONBORN_LORD,TYRION,2
IRONBORN_LORD,VALE_LORD,3
IRONBORN_LORD,YARA,3
IRONBORN_LORD,YOHN_ROYCE,2
IRRI,JHIQUI,3
IRRI,JORAH,11
IRRI,KOVARRO,3
IRRI,RAKHARO,11
IRRI,VISERYS,3
IRRI,XARO,3
IZEMBARO,JOFFREY,3
IZEMBARO,LADY_CRANE,16
IZEMBARO,NED,3
IZEMBARO,ROBERT,2
IZEMBARO,SANSA,2
IZEMBARO,TYRION,2
IZEMBARO,TYWIN,3
JACKS,JAIME,2
JAIME,JOANNA,2
JAIME,JOFFREY,47
JAIME,JON,29
JAIME,JON_ARRYN,2
JAIME,JORAH,14
JAIME,JORY_CASSEL,27
JAIME,KEVAN,17
JAIME,LITTLEFINGER,9
JAIME,LOCKE,59
JAIME,LOLLYS,3
JAIME,LORAS,18
JAIME,LOTHAR,13
JAIME,LYANNA_MORMONT,10
JAIME,MACE,16
JAIME,MAESTER_WOLKAN,2
JAIME,MARGAERY,19
JAIME,MATTHOS,3
JAIME,MERYN_TRANT,3
JAIME,MISSANDEI,3
JAIME,MOUNTAIN,23
JAIME,MYRCELLA,62
JAIME,NED,62
JAIME,NYMERIA,2
JAIME,OBARA,3
JAIME,OBERYN,12
JAIME,OLENNA,50
JAIME,PODRICK,44
JAIME,PYCELLE,7
JAIME,QHONO,4
JAIME,QYBURN,90
JAIME,RANDYLL,33
JAIME,RENLY,6
JAIME,RICKARD_KARSTARK,4
JAIME,RICKARD_STARK,2
JAIME,ROBB,46
JAIME,ROBERT,23
JAIME,ROOSE_BOLTON,29
JAIME,ROS,4
JAIME,SAM,19
JAIME,SANSA,30
JAIME,SELWYN,3
JAIME,SHAE,5
JAIME,SON_OF_EDMURE,4
JAIME,STANNIS,9
JAIME,STEELSHANKS_WALTON,14
JAIME,THEON,8
JAIME,TOMMEN,54
JAIME,TORMUND,38
JAIME,TORRHEN,3
JAIME,TRYSTANE,16
JAIME,TYENE,6
JAIME,TYRION,358
JAIME,TYSHA,2
JAIME,TYWIN,148
JAIME,VARYS,16
JAIME,WALDER,19
JAIME,YOHN_ROYCE,4
JANOS,JOFFREY,4
JANOS,JON,59
JANOS,LITTLEFINGER,6
JANOS,LITTLE_SAM,2
JANOS,LOCKE,2
JANOS,MAESTER_AEMON,4
JANOS,MHAEGEN,4
JANOS,NED,13
JANOS,OLLY,8
JANOS,OTHELL_YARWYCK,2
JANOS,PODRICK,3
JANOS,PYCELLE,4
JANOS,PYP,2
JANOS,RENLY,3
JANOS,ROS,4
JANOS,SAM,17
JANOS,STANNIS,3
JANOS,TYRION,39
JANOS,VARYS,8
JAQEN,MACE,2
JAQEN,MERYN_TRANT,2
JAQEN,RORGE,9
JAQEN,THIN_MAN,11
JAQEN,TYCHO,2
JAQEN,TYWIN,3
JAQEN,WAIF,52
JAQEN,YOREN,2
JAREMY_RYKKER,JEOR,2
JAREMY_RYKKER,OTHELL_YARWYCK,2
JAREMY_RYKKER,PYP,2
JEOR,JOFFREY,2
JEOR,JON,111
JEOR,JORAH,4
JEOR,KARL_TANNER,10
JEOR,MAESTER_AEMON,9
JEOR,NED,3
JEOR,OTHELL_YARWYCK,6
JEOR,OTHOR,6
JEOR,PYP,10
JEOR,QHORIN,13
JEOR,RAST,19
JEOR,ROBERT,3
JEOR,SAM,43
JEOR,TYRION,19
JOANNA,TYRION,2
JOANNA,TYWIN,5
JOFFREY,JOFFREY_DWARF,4
JOFFREY,JON,2
JOFFREY,LADY_CRANE,11
JOFFREY,LANCEL,12
JOFFREY,LITTLEFINGER,26
JOFFREY,LORAS,19
JOFFREY,LYSA,2
JOFFREY,MACE,9
JOFFREY,MANDON,4
JOFFREY,MARGAERY,110
JOFFREY,MARILLION,14
JOFFREY,MATTHOS,2
JOFFREY,MERYN_TRANT,31
JOFFREY,MOUNTAIN,3
JOFFREY,MYCAH,10
JOFFREY,MYRCELLA,8
JOFFREY,NED,56
JOFFREY,OBERYN,8
JOFFREY,OLENNA,20
JOFFREY,PODRICK,10
JOFFREY,POLLIVER,5
JOFFREY,PYCELLE,26
JOFFREY,RENLY,13
JOFFREY,RENLY_DWARF,2
JOFFREY,ROBB,31
JOFFREY,ROBB_DWARF,3
JOFFREY,ROBERT,37
JOFFREY,ROS,9
JOFFREY,SANSA,187
JOFFREY,SEPTA_MORDANE,5
JOFFREY,SHAE,12
JOFFREY,STANNIS,14
JOFFREY,STANNIS_DWARF,2
JOFFREY,TALISA,3
JOFFREY,TOMMEN,26
JOFFREY,TYRION,200
JOFFREY,TYWIN,98
JOFFREY,VARYS,28
JOFFREY,WILL,2
JOFFREY,YOREN,3
JOFFREY_DWARF,MARGAERY,2
JOFFREY_DWARF,RENLY_DWARF,2
JOFFREY_DWARF,ROBB_DWARF,6
JOFFREY_DWARF,SANSA,3
JOFFREY_DWARF,STANNIS_DWARF,3
JOFFREY_DWARF,TYRION,2
JOJEN,JON,7
JOJEN,KARL_TANNER,14
JOJEN,LEAF,3
JOJEN,LOCKE,2
JOJEN,MEERA,68
JOJEN,NED,3
JOJEN,ORELL,3
JOJEN,OSHA,28
JOJEN,RAST,2
JOJEN,RICKON,9
JOJEN,SAM,12
JOJEN,THREE_EYED_RAVEN,3
JOJEN,TORMUND,2
JOJEN,YGRITTE,2
JON,JORAH,70
JON,KARL_TANNER,11
JON,KARSI,28
JON,LITTLEFINGER,28
JON,LITTLE_SAM,2
JON,LOBODA,16
JON,LOCKE,21
JON,LORD_OF_BONES,20
JON,LORD_WEEBLY,2
JON,LYANNA,13
JON,LYANNA_MORMONT,41
JON,MAESTER_AEMON,55
JON,MAESTER_MORMONT,5
JON,MAESTER_WOLKAN,11
JON,MAG_THE_MIGHTY,4
JON,MANCE,124
JON,MANDERLY,4
JON,MEERA,2
JON,MELISANDRE,99
JON,MISSANDEI,47
JON,MORAG,8
JON,MOUNTAIN,5
JON,NED,79
JON,NED_UMBER,4
JON,NIGHT_KING,40
JON,OLLY,61
JON,ORELL,37
JON,OSHA,3
JON,OTHELL_YARWYCK,14
JON,OTHOR,5
JON,PODRICK,11
JON,PYP,54
JON,QHONO,4
JON,QHORIN,73
JON,QHORIN_HALFHAND,2
JON,QYBURN,4
JON,RAMSAY,30
JON,RAST,7
JON,RHAEGAR,7
JON,RICKON,11
JON,ROBB,35
JON,ROBERT,6
JON,ROBETT,27
JON,RODRIK,2
JON,ROOSE_BOLTON,5
JON,ROS,2
JON,SAM,415
JON,SANSA,300
JON,SELYSE,8
JON,SHIREEN,4
JON,SISSY,7
JON,SMALLJON,8
JON,STANNIS,106
JON,STYR,6
JON,TEELA,2
JON,THEON,48
JON,THOROS,12
JON,TORMUND,286
JON,TYRION,268
JON,UNSULLIED_CAPTAIN,2
JON,VARYS,67
JON,WHITE_WALKER,2
JON,WILL,3
JON,WUN_WUN,13
JON,YGRITTE,286
JON,YOHN_ROYCE,9
JONOS_BRACKEN,ROBB,5
JON_ARRYN,LITTLEFINGER,9
JON_ARRYN,LYSA,13
JON_ARRYN,NED,15
JON_ARRYN,PYCELLE,5
JON_ARRYN,ROBERT,9
JON_ARRYN,ROBIN,5
JON_ARRYN,SANSA,2
JON_ARRYN,VARYS,2
JORAH,KHAL_MORO,2
JORAH,KOVARRO,15
JORAH,KRAZNYS_MO_NAKLOZ,5
JORAH,LHAZAREEN_WOMAN,3
JORAH,LITTLE_BIRD,2
JORAH,LYANNA_MORMONT,17
JORAH,MALAKKO,2
JORAH,MALKO,12
JORAH,MARWYN,16
JORAH,MEEREEN_CHAMPION,2
JORAH,MELISANDRE,11
JORAH,MERO,6
JORAH,MIRRI_MAZ_DUUR,8
JORAH,MISSANDEI,44
JORAH,MOSSADOR,2
JORAH,NED,2
JORAH,NIGHT_KING,4
JORAH,OWNER,4
JORAH,PODRICK,6
JORAH,PRENDAHL,2
JORAH,PYATT_PREE,5
JORAH,QHONO,4
JORAH,QOTHO,5
JORAH,QUAITHE,18
JORAH,RAKHARO,30
JORAH,RHAEGO,3
JORAH,ROBERT,5
JORAH,SAM,53
JORAH,SANSA,10
JORAH,SPICE_KING,3
JORAH,THEON,10
JORAH,THOROS,19
JORAH,TORMUND,42
JORAH,TYRION,168
JORAH,VARYS,25
JORAH,VISERYS,43
JORAH,WHITE_WALKER,2
JORAH,WINE_MERCHANT,10
JORAH,XARO,12
JORAH,YOHN_ROYCE,4
JORY_CASSEL,LITTLEFINGER,7
JORY_CASSEL,MHAEGEN,2
JORY_CASSEL,NED,44
JORY_CASSEL,ROBERT,4
JORY_CASSEL,THEON,2
JOYEUSE,ROBB,4
JOYEUSE,ROSLIN,2
JOYEUSE,TALISA,4
JOYEUSE,WALDER,6
KARL_TANNER,MEERA,17
KARL_TANNER,RAST,15
KARL_TANNER,SAM,2
KARL_TANNER,SISSY,10
KARSI,LOBODA,8
KARSI,NIGHT_KING,2
KARSI,TORMUND,19
KEGS,MULLY,4
KEVAN,LANCEL,3
KEVAN,LEO_LEFFORD,2
KEVAN,LORAS,3
KEVAN,MACE,3
KEVAN,MARGAERY,4
KEVAN,OLENNA,7
KEVAN,PYCELLE,8
KEVAN,QYBURN,5
KEVAN,SHAGGA,2
KEVAN,STANNIS,2
KEVAN,TOMMEN,12
KEVAN,TYRION,14
KEVAN,TYWIN,23
KINVARA,TYRION,15
KINVARA,VARYS,8
KOVARRO,MALAKKO,3
KOVARRO,PYATT_PREE,3
KOVARRO,SPICE_KING,2
KOVARRO,XARO,10
KRAZNYS_MO_NAKLOZ,MISSANDEI,54
LADY_CRANE,MARGAERY,2
LADY_CRANE,ROBERT,2
LADY_CRANE,SANSA,6
LADY_CRANE,TYRION,5
LADY_CRANE,TYWIN,2
LADY_CRANE,WAIF,2
LANCEL,LITTLEFINGER,14
LANCEL,LORAS,13
LANCEL,MACE,2
LANCEL,MARGAERY,6
LANCEL,NED,4
LANCEL,OLYVAR,2
LANCEL,PYCELLE,2
LANCEL,QYBURN,2
LANCEL,RENLY,2
LANCEL,ROBERT,15
LANCEL,SANSA,4
LANCEL,SEPTA_UNELLA,2
LANCEL,SHAE,2
LANCEL,STANNIS,3
LANCEL,TOMMEN,2
LANCEL,TYRION,37
LEAF,MEERA,17
LEAF,NIGHT_KING,6
LEAF,THREE_EYED_RAVEN,10
LEM,MORGAN,2
LEM,RAY,11
LEM,THOROS,3
LEO_LEFFORD,TYRION,2
LHARA,SALLADHOR,5
LITTLEFINGER,LORAS,19
LITTLEFINGER,LYANNA,3
LITTLEFINGER,LYANNA_MORMONT,4
LITTLEFINGER,LYSA,58
LITTLEFINGER,MAESTER_WOLKAN,11
LITTLEFINGER,MARGAERY,28
LITTLEFINGER,MEERA,3
LITTLEFINGER,MHAEGEN,2
LITTLEFINGER,MOUNTAIN,6
LITTLEFINGER,MYRANDA,2
LITTLEFINGER,MYRCELLA,2
LITTLEFINGER,NED,118
LITTLEFINGER,OLENNA,16
LITTLEFINGER,OLYVAR,5
LITTLEFINGER,PODRICK,10
LITTLEFINGER,PYCELLE,27
LITTLEFINGER,RAMSAY,18
LITTLEFINGER,RENLY,39
LITTLEFINGER,ROBB,5
LITTLEFINGER,ROBERT,14
LITTLEFINGER,ROBETT,6
LITTLEFINGER,ROBIN,43
LITTLEFINGER,ROOSE_BOLTON,22
LITTLEFINGER,ROS,35
LITTLEFINGER,ROYCE,9
LITTLEFINGER,SANSA,416
LITTLEFINGER,SEPTA_MORDANE,4
LITTLEFINGER,SHAE,3
LITTLEFINGER,SMALLJON,2
LITTLEFINGER,STANNIS,16
LITTLEFINGER,THEON,4
LITTLEFINGER,TOMMEN,2
LITTLEFINGER,TORMUND,7
LITTLEFINGER,TYRION,70
LITTLEFINGER,TYWIN,38
LITTLEFINGER,VANCE_CORBRAY,2
LITTLEFINGER,VARYS,98
LITTLEFINGER,WALDA,2
LITTLEFINGER,WUN_WUN,2
LITTLEFINGER,YOHN_ROYCE,60
LITTLEFINGER,YOREN,2
LITTLE_SAM,MELESSA,5
LITTLE_SAM,MELISANDRE,2
LITTLE_SAM,MISSANDEI,2
LITTLE_SAM,MOLES_TOWN_MADAM,2
LITTLE_SAM,MOLES_TOWN_WHORE,4
LITTLE_SAM,OLLY,3
LITTLE_SAM,PODRICK,2
LITTLE_SAM,PYP,2
LITTLE_SAM,RANDYLL,2
LITTLE_SAM,SAM,61
LITTLE_SAM,SANSA,6
LITTLE_SAM,STANNIS,2
LITTLE_SAM,TALLA,3
LITTLE_SAM,TYRION,6
LITTLE_SAM,VARYS,6
LOBODA,TORMUND,4
LOCKE,MEERA,2
LOCKE,MORAG,2
LOCKE,QYBURN,2
LOCKE,RAMSAY,4
LOCKE,RAST,2
LOCKE,ROOSE_BOLTON,12
LOCKE,SAM,2
LOCKE,SISSY,2
LOCKE,STEELSHANKS_WALTON,2
LOCKE,TYWIN,4
LOLLYS,TANDA,2
LOLLYS,TYRION,2
LOMMY,POLLIVER,6
LORAS,MACE,8
LORAS,MARGAERY,115
LORAS,MELISANDRE,2
LORAS,MOUNTAIN,4
LORAS,NED,4
LORAS,OBERYN,4
LORAS,OLENNA,25
LORAS,OLYVAR,26
LORAS,PYCELLE,5
LORAS,RENLY,73
LORAS,RENLY_DWARF,2
LORAS,ROBB,2
LORAS,ROBERT,3
LORAS,SANSA,37
LORAS,SHAE,2
LORAS,STANNIS,5
LORAS,STANNIS_DWARF,2
LORAS,TOMMEN,25
LORAS,TYRION,51
LORAS,TYWIN,20
LORD_OF_BONES,MANCE,7
LORD_OF_BONES,QHORIN,10
LORD_OF_BONES,TORMUND,16
LORD_OF_BONES,YGRITTE,20
LORD_WEEBLY,SAM,3
LOTHAR,ROBB,3
LOTHAR,ROSLIN,2
LOTHAR,TALISA,2
LOTHAR,WALDER,13
LUKE,PYP,2
LUTHOR,OLENNA,5
LUTHOR,VIOLA,2
LYANNA,NED,41
LYANNA,RHAEGAR,11
LYANNA,ROBERT,5
LYANNA,SAM,2
LYANNA,SANSA,3
LYANNA,THREE_EYED_RAVEN,3
LYANNA,VARYS,3
LYANNA_MORMONT,MAESTER_MORMONT,7
LYANNA_MORMONT,MANDERLY,2
LYANNA_MORMONT,MISSANDEI,3
LYANNA_MORMONT,PODRICK,2
LYANNA_MORMONT,QHONO,4
LYANNA_MORMONT,RAMSAY,3
LYANNA_MORMONT,ROBB,4
LYANNA_MORMONT,ROBETT,11
LYANNA_MORMONT,SAM,13
LYANNA_MORMONT,SANSA,26
LYANNA_MORMONT,SMALLJON,2
LYANNA_MORMONT,STANNIS,2
LYANNA_MORMONT,THEON,4
LYANNA_MORMONT,TORMUND,11
LYANNA_MORMONT,TYRION,7
LYANNA_MORMONT,VARYS,5
LYANNA_MORMONT,YOHN_ROYCE,10
LYSA,MORD,5
LYSA,NED,4
LYSA,ROBIN,47
LYSA,SANSA,92
LYSA,TYRION,37
LYSA,TYWIN,2
LYSA,VARDIS_EGEN,7
LYSA,VARYS,2
LYSA,YOHN_ROYCE,4
MACE,MARGAERY,19
MACE,MERYN_TRANT,9
MACE,MOUNTAIN,2
MACE,OBERYN,14
MACE,OLENNA,20
MACE,PODRICK,2
MACE,PYCELLE,15
MACE,QYBURN,9
MACE,SANSA,5
MACE,SHAE,5
MACE,THIN_MAN,2
MACE,TOMMEN,9
MACE,TYCHO,19
MACE,TYRION,14
MACE,TYWIN,21
MACE,VARYS,8
MADAME,MERYN_TRANT,6
MAESTER_AEMON,MELISANDRE,2
MAESTER_AEMON,OLLY,2
MAESTER_AEMON,PYP,8
MAESTER_AEMON,SAM,61
MAESTER_AEMON,SELYSE,2
MAESTER_AEMON,SHIREEN,2
MAESTER_AEMON,STANNIS,2
MAESTER_AEMON,TYRION,7
MAESTER_CITADEL,SAM,13
MAESTER_DORNE,TYENE,2
MAESTER_LUWIN,NED,5
MAESTER_LUWIN,OSHA,26
MAESTER_LUWIN,PORTAN,3
MAESTER_LUWIN,RICKON,4
MAESTER_LUWIN,ROBB,17
MAESTER_LUWIN,ROBERT,2
MAESTER_LUWIN,RODRIK,7
MAESTER_LUWIN,SANSA,2
MAESTER_LUWIN,THEON,61
MAESTER_LUWIN,TYRION,7
MAESTER_LUWIN,WINTERFELL_SHEPHERD,3
MAESTER_MORMONT,SANSA,5
MAESTER_WOLKAN,MARWYN,2
MAESTER_WOLKAN,MISSANDEI,2
MAESTER_WOLKAN,MYRANDA,4
MAESTER_WOLKAN,QHONO,2
MAESTER_WOLKAN,RAMSAY,12
MAESTER_WOLKAN,RICKARD_KARSTARK,4
MAESTER_WOLKAN,RIVERLANDS_LORD,2
MAESTER_WOLKAN,ROBIN,4
MAESTER_WOLKAN,ROOSE_BOLTON,4
MAESTER_WOLKAN,SAM,5
MAESTER_WOLKAN,SANSA,29
MAESTER_WOLKAN,THEON,2
MAESTER_WOLKAN,TYRION,9
MAESTER_WOLKAN,VALE_LORD,2
MAESTER_WOLKAN,VARYS,5
MAESTER_WOLKAN,YARA,2
MAESTER_WOLKAN,YOHN_ROYCE,8
MAGGY,MELARA,2
MAGGY,ROBERT,2
MAGNAR,SAM,2
MAG_THE_MIGHTY,MANCE,3
MAG_THE_MIGHTY,SAM,3
MALAKKO,XARO,3
MALKO,TYRION,17
MANCE,MELISANDRE,3
MANCE,ORELL,10
MANCE,QHORIN,9
MANCE,SAM,2
MANCE,STANNIS,26
MANCE,TORMUND,26
MANCE,YGRITTE,16
MANDERLY,ROBB,3
MANDON,PODRICK,6
MANDON,TYRION,8
MAREI,MORGAN,2
MAREI,OBERYN,7
MAREI,OLYVAR,6
MAREI,SHAE,2
MAREI,TYRION,6
MARGAERY,OBERYN,5
MARGAERY,OLENNA,123
MARGAERY,OLYVAR,7
MARGAERY,PYCELLE,4
MARGAERY,RENLY,39
MARGAERY,ROBB_DWARF,2
MARGAERY,ROBERT,2
MARGAERY,SANSA,71
MARGAERY,SEPTA_UNELLA,21
MARGAERY,STANNIS,2
MARGAERY,TOMMEN,144
MARGAERY,TYRION,16
MARGAERY,TYWIN,12
MARILLION,MERYN_TRANT,2
MARILLION,RODRIK,5
MARILLION,TYRION,5
MARILLION,YOREN,2
MARTHA,VARYS,11
MARTYN,ROBB,2
MARTYN,TALISA,12
MARTYN,WILLEM_LANNISTER,5
MARWYN,ROBERT,2
MARWYN,SAM,78
MARWYN,SHIREEN,2
MASHA_HEDDLE,TYRION,5
MATTHOS,MELISANDRE,4
MATTHOS,ROBERT,2
MATTHOS,SALLADHOR,14
MATTHOS,STANNIS,21
MEERA,NED,4
MEERA,NIGHT_KING,7
MEERA,OLD_NAN,2
MEERA,ORELL,3
MEERA,OSHA,34
MEERA,RAST,2
MEERA,RICKON,13
MEERA,SAM,8
MEERA,THREE_EYED_RAVEN,17
MEERA,TORMUND,2
MEERA,YGRITTE,2
MEEREEN_SLAVE,MOSSADOR,3
MELESSA,RANDYLL,11
MELESSA,SAM,25
MELESSA,TALLA,12
MELISANDRE,MISSANDEI,2
MELISANDRE,OLLY,4
MELISANDRE,OTHELL_YARWYCK,2
MELISANDRE,PODRICK,2
MELISANDRE,QHONO,2
MELISANDRE,RAMSAY,2
MELISANDRE,RENLY,8
MELISANDRE,ROBERT,4
MELISANDRE,SAM,7
MELISANDRE,SANSA,10
MELISANDRE,SELYSE,51
MELISANDRE,SHIREEN,33
MELISANDRE,STANNIS,171
MELISANDRE,THOROS,16
MELISANDRE,TORMUND,17
MELISANDRE,TYRION,4
MELISANDRE,VARYS,21
MERO,MISSANDEI,6
MERO,PRENDAHL,13
MERRY,WALDER,3
MERYN_TRANT,MOUNTAIN,2
MERYN_TRANT,NED,3
MERYN_TRANT,PODRICK,3
MERYN_TRANT,QYBURN,4
MERYN_TRANT,ROOSE_BOLTON,4
MERYN_TRANT,SANSA,20
MERYN_TRANT,SYRIO_FOREL,13
MERYN_TRANT,TARYN_MANT,8
MERYN_TRANT,THEON,2
MERYN_TRANT,THIN_MAN,2
MERYN_TRANT,TOMMEN,2
MERYN_TRANT,TYCHO,2
MERYN_TRANT,TYRION,29
MERYN_TRANT,TYWIN,4
MHAEGEN,NED,9
MHAEGEN,ROS,2
MIRRI_MAZ_DUUR,QOTHO,15
MIRRI_MAZ_DUUR,RAKHARO,4
MISSANDEI,MOUNTAIN,5
MISSANDEI,OLENNA,2
MISSANDEI,PODRICK,2
MISSANDEI,PRENDAHL,3
MISSANDEI,QHONO,2
MISSANDEI,QYBURN,3
MISSANDEI,RADZAI_MO_ERAZ,3
MISSANDEI,RAZDAL,7
MISSANDEI,SAM,4
MISSANDEI,SANSA,14
MISSANDEI,THEON,12
MISSANDEI,TYRION,156
MISSANDEI,VARYS,52
MISSANDEI,YARA,4
MISSANDEI,YEZZAN,7
MISSANDEI,YOHN_ROYCE,2
MISSANDEI,ZALA,2
MOLES_TOWN_MADAM,MOLES_TOWN_WHORE,3
MOLES_TOWN_MADAM,SAM,7
MOLES_TOWN_WHORE,SAM,2
MORAG,SISSY,4
MORD,ROBIN,3
MORD,RODRIK,2
MORD,TYRION,31
MORD,VARDIS_EGEN,3
MORGAN,MORGANS_FRIEND,10
MORGAN,OBERYN,18
MORGAN,OLYVAR,6
MORGAN,RAY,2
MORGAN,TYRION,4
MORGANS_FRIEND,OBERYN,8
MORGANS_FRIEND,TYRION,2
MOSSADOR,TYRION,2
MOUNTAIN,MYRCELLA,2
MOUNTAIN,NED,5
MOUNTAIN,OBERYN,22
MOUNTAIN,POLLIVER,5
MOUNTAIN,PYCELLE,6
MOUNTAIN,QYBURN,32
MOUNTAIN,RANDYLL,2
MOUNTAIN,ROBB,3
MOUNTAIN,ROBERT,4
MOUNTAIN,SANSA,4
MOUNTAIN,SHAE,2
MOUNTAIN,THEON,3
MOUNTAIN,THOROS,2
MOUNTAIN,TYENE,4
MOUNTAIN,TYRION,18
MOUNTAIN,TYWIN,20
MOUNTAIN,VARYS,2
MUSICIAN,OLENNA,2
MYCAH,NED,3
MYCAH,SANSA,4
MYRANDA,RAMSAY,55
MYRANDA,ROOSE_BOLTON,4
MYRANDA,SANSA,58
MYRANDA,TANSY,6
MYRANDA,THEON,29
MYRANDA,VIOLET,22
MYRANDA,WALDA,6
MYRANDA,YARA,4
MYRCELLA,OBARA,6
MYRCELLA,OBERYN,4
MYRCELLA,ROBERT,2
MYRCELLA,ROBIN,3
MYRCELLA,SANSA,5
MYRCELLA,TOMMEN,9
MYRCELLA,TRYSTANE,26
MYRCELLA,TYRION,16
NED,OLD_NAN,3
NED,PYCELLE,68
NED,PYP,3
NED,RAMSAY,3
NED,RENLY,30
NED,RHAEGAR,3
NED,RICKARD_KARSTARK,2
NED,RICKARD_STARK,9
NED,ROBB,45
NED,ROBERT,211
NED,ROBETT,2
NED,RODRIK,14
NED,ROOSE_BOLTON,2
NED,ROS,2
NED,SANSA,96
NED,SEPTA_MORDANE,9
NED,STANNIS,21
NED,STEFFON,2
NED,SYRIO_FOREL,6
NED,THEON,20
NED,THOROS,2
NED,THREE_EYED_RAVEN,11
NED,TOBHO_MOTT,10
NED,TOMARD,6
NED,TYRION,30
NED,TYWIN,13
NED,VARLY,2
NED,VARYS,104
NED,WILL,3
NED,YARA,3
NED,YOHN_ROYCE,2
NED,YOREN,15
NED_UMBER,SANSA,3
NED_UMBER,TORMUND,2
NIGHT_KING,THEON,8
NIGHT_KING,THREE_EYED_RAVEN,5
NIGHT_KING,TORMUND,6
NIGHT_KING,TYRION,2
NIGHT_KING,WHITE_WALKER,2
NORA,VICKY,22
NYMERIA,OBARA,24
NYMERIA,OLENNA,4
NYMERIA,THEON,2
NYMERIA,TRYSTANE,7
NYMERIA,TYENE,20
NYMERIA,YARA,4
OBARA,OBERYN,3
OBARA,OLENNA,7
OBARA,THEON,2
OBARA,TRYSTANE,6
OBARA,TYENE,15
OBARA,YARA,4
OBERYN,OLYVAR,21
OBERYN,PODRICK,5
OBERYN,PYCELLE,7
OBERYN,SANSA,4
OBERYN,SHAE,7
OBERYN,TOMMEN,6
OBERYN,TYRION,78
OBERYN,TYWIN,79
OBERYN,VARYS,34
OLD_NAN,ROBB,4
OLD_NAN,THEON,2
OLD_NAN,THREE_EYED_RAVEN,2
OLENNA,OLYVAR,2
OLENNA,PODRICK,3
OLENNA,PYCELLE,5
OLENNA,RANDYLL,4
OLENNA,RENLY,2
OLENNA,ROBERT,3
OLENNA,SANSA,33
OLENNA,SEPTA_UNELLA,7
OLENNA,THEON,2
OLENNA,TOMMEN,6
OLENNA,TYENE,3
OLENNA,TYRION,40
OLENNA,TYWIN,49
OLENNA,VARYS,40
OLENNA,VIOLA,2
OLENNA,YARA,2
OLLY,OLLYS_MOTHER,4
OLLY,OTHELL_YARWYCK,2
OLLY,PYP,3
OLLY,SAM,37
OLLY,STANNIS,10
OLLY,STYR,10
OLLY,TORMUND,8
OLLY,YGRITTE,7
OLLYS_MOTHER,STYR,2
OLLYS_MOTHER,TORMUND,2
OLLYS_MOTHER,YGRITTE,2
OLYVAR,TOMMEN,2
ORELL,OSHA,3
ORELL,RICKON,3
ORELL,TORMUND,30
ORELL,YGRITTE,32
ORSON,TYRION,6
ORYS,ORYS_BROTHER,2
ORYS,TYWIN,2
ORYS_BROTHER,TYWIN,2
OSHA,RAMSAY,23
OSHA,RICKON,34
OSHA,ROBB,10
OSHA,SMALLJON,2
OSHA,THEON,61
OSHA,TORMUND,2
OSHA,YGRITTE,2
OTHELL_YARWYCK,PYP,2
OTHELL_YARWYCK,SAM,6
OTHELL_YARWYCK,TORMUND,2
OTHOR,PYP,2
OTHOR,SAM,2
OWNER,TYRION,7
PODRICK,PYCELLE,3
PODRICK,QHONO,2
PODRICK,RENLY,3
PODRICK,ROBETT,2
PODRICK,SAM,8
PODRICK,SANSA,35
PODRICK,SHAE,8
PODRICK,STANNIS,5
PODRICK,THEON,9
PODRICK,TORMUND,28
PODRICK,TYRION,186
PODRICK,TYWIN,3
PODRICK,VARYS,17
PODRICK,YOHN_ROYCE,2
POLLIVER,TOMMY,2
POLLIVER,TYWIN,2
PROTESTER,TYRION,2
PYATT_PREE,SPICE_KING,3
PYATT_PREE,XARO,9
PYCELLE,QYBURN,35
PYCELLE,RENLY,8
PYCELLE,ROBERT,14
PYCELLE,ROS,9
PYCELLE,SANSA,18
PYCELLE,TIMETT,5
PYCELLE,TOMMEN,14
PYCELLE,TYRION,64
PYCELLE,TYWIN,28
PYCELLE,VARYS,37
PYCELLE,YOREN,2
PYP,RAST,10
PYP,SAM,69
PYP,TORMUND,3
PYP,TYRION,6
QHONO,SAM,6
QHONO,SANSA,4
QHONO,THEON,2
QHONO,TORMUND,4
QHONO,TYRION,6
QHONO,VARYS,4
QHONO,YOHN_ROYCE,2
QHORIN,SAM,5
QHORIN,YGRITTE,28
QHORIN_HALFHAND,YGRITTE,2
QOTHO,RAKHARO,3
QUAITHE,XARO,2
QUENT,ROBB,3
QUICK,STRONG,4
QUICK,TYRION,2
QYBURN,RANDYLL,2
QYBURN,ROBB,3
QYBURN,ROOSE_BOLTON,4
QYBURN,SELWYN,2
QYBURN,TALISA,4
QYBURN,THEON,2
QYBURN,TOMMEN,8
QYBURN,TYENE,5
QYBURN,TYRION,23
QYBURN,TYWIN,2
QYBURN,VARYS,2
RAKHARO,VISERYS,3
RAKHARO,WINE_MERCHANT,3
RALF,ROOSE_BOLTON,2
RALF,THEON,18
RAMSAY,RICKARD_KARSTARK,8
RAMSAY,RICKON,15
RAMSAY,ROBB,5
RAMSAY,ROOSE_BOLTON,122
RAMSAY,SANSA,91
RAMSAY,SMALLJON,34
RAMSAY,SON_OFWALDA,11
RAMSAY,STANNIS,7
RAMSAY,TANSY,15
RAMSAY,THEON,235
RAMSAY,TORMUND,8
RAMSAY,VIOLET,2
RAMSAY,WALDA,34
RAMSAY,WUN_WUN,5
RAMSAY,YARA,11
RANDYLL,SAM,30
RANDYLL,TALLA,5
RANDYLL,TYRION,7
RAST,SAM,19
RAST,TYRION,3
RAZDAL,TYRION,10
RAZDAL,VARYS,3
RAZDAL,YEZZAN,7
RED_PRIEST,TYRION,4
RED_PRIEST,VARYS,3
REGINALD,TYWIN,8
RENLY,ROBB,11
RENLY,ROBERT,35
RENLY,SANSA,7
RENLY,STANNIS,54
RENLY,TOMARD,2
RENLY,TYWIN,2
RENLY,VARYS,9
RENLY_DWARF,ROBB_DWARF,2
RENLY_DWARF,STANNIS_DWARF,7
RENNICK,ROBB,2
RHAEGAR,ROBERT,6
RHAEGAR,SAM,2
RHAEGAR,VARYS,3
RHAEGO,VISERYS,2
RHAENYS,VISENYA,2
RICKARD_KARSTARK,ROBB,52
RICKARD_KARSTARK,ROOSE_BOLTON,11
RICKARD_KARSTARK,ROSLIN,2
RICKARD_KARSTARK,SMALLJON,5
RICKARD_KARSTARK,TALISA,5
RICKARD_KARSTARK,THEON,4
RICKARD_KARSTARK,TORRHEN,4
RICKARD_KARSTARK,WALDER,2
RICKARD_KARSTARK,WILLEM_LANNISTER,3
RICKON,ROBB,5
RICKON,RODRIK,2
RICKON,SANSA,10
RICKON,SMALLJON,6
RICKON,THEON,13
RICKON,TORMUND,4
RICKON,WUN_WUN,2
RICKON,YGRITTE,2
RIVERLANDS_LORD,ROBIN,2
RIVERLANDS_LORD,SAM,2
RIVERLANDS_LORD,SANSA,2
RIVERLANDS_LORD,TYRION,2
RIVERLANDS_LORD,VALE_LORD,2
RIVERLANDS_LORD,YARA,2
RIVERLANDS_LORD,YOHN_ROYCE,3
ROBB,ROBERT,7
ROBB,ROBETT,3
ROBB,RODRIK,16
ROBB,ROOSE_BOLTON,51
ROBB,ROSLIN,6
ROBB,SANSA,28
ROBB,SEPTON,3
ROBB,STANNIS,11
ROBB,TALISA,197
ROBB,THEON,89
ROBB,TYRION,21
ROBB,TYWIN,22
ROBB,VARYS,4
ROBB,WALDER,35
ROBB,YARA,4
ROBB_DWARF,SANSA,2
ROBB_DWARF,TYRION,2
ROBERT,ROS,2
ROBERT,SAM,4
ROBERT,SANSA,19
ROBERT,STANNIS,18
ROBERT,THEON,2
ROBERT,THOROS,3
ROBERT,TOMMEN,4
ROBERT,TYRION,10
ROBERT,TYWIN,15
ROBERT,VARYS,16
ROBERT,VISERYS,7
ROBETT,SANSA,14
ROBETT,TORMUND,2
ROBETT,YOHN_ROYCE,8
ROBIN,ROYCE,2
ROBIN,SAM,3
ROBIN,SANSA,52
ROBIN,TYRION,16
ROBIN,VALE_LORD,2
ROBIN,VARDIS_EGEN,3
ROBIN,YARA,2
ROBIN,YOHN_ROYCE,10
RODRIK,THEON,31
RODRIK,TYRION,9
RODRIK,TYWIN,2
ROOSE_BOLTON,SANSA,23
ROOSE_BOLTON,SMALLJON,3
ROOSE_BOLTON,STANNIS,4
ROOSE_BOLTON,STEELSHANKS_WALTON,3
ROOSE_BOLTON,TALISA,13
ROOSE_BOLTON,THEON,25
ROOSE_BOLTON,TYWIN,13
ROOSE_BOLTON,WALDA,14
ROOSE_BOLTON,WALDER,23
RORGE,YOREN,3
ROS,SHAE,12
ROS,THEON,40
ROS,TYRION,20
ROS,VARYS,47
ROSLIN,TALISA,4
ROSLIN,WALDER,8
ROYCE,SANSA,3
ROYCE,WILL,4
RYGER_RIVERS,WALDER,4
RYLENE,STANNIS,2
SALLADHOR,STANNIS,2
SAM,SANSA,12
SAM,SELYSE,7
SAM,SHIREEN,6
SAM,STANNIS,28
SAM,STYR,4
SAM,TALLA,8
SAM,TEELA,2
SAM,THEON,4
SAM,TORMUND,36
SAM,TYRION,24
SAM,VALE_LORD,2
SAM,VARYS,6
SAM,YARA,2
SAM,YGRITTE,4
SAM,YOHN_ROYCE,6
SANSA,SARRA,2
SANSA,SEPTA_MORDANE,64
SANSA,SHAE,122
SANSA,SMALLJON,4
SANSA,STANNIS,8
SANSA,THEON,117
SANSA,TOMMEN,13
SANSA,TORMUND,37
SANSA,TYRION,249
SANSA,TYWIN,24
SANSA,VALE_LORD,2
SANSA,VANCE_CORBRAY,2
SANSA,VARYS,39
SANSA,WALDA,8
SANSA,WAYMAR_ROYCE,2
SANSA,WILLA,2
SANSA,WUN_WUN,5
SANSA,YARA,4
SANSA,YOHN_ROYCE,58
SANSA,YOREN,4
SARRA,TORMUND,2
SARRA,WILLA,2
SELYSE,SHIREEN,27
SELYSE,STANNIS,60
SEPTON,TALISA,2
SHAE,TOMMEN,3
SHAE,TYRION,324
SHAE,TYWIN,29
SHAE,VARYS,33
SHAGGA,TYRION,22
SHAGGA,TYWIN,6
SHIREEN,STANNIS,70
SILK_KING,SPICE_KING,2
SMALLJON,TORMUND,6
SMALLJON,WUN_WUN,3
SON_OFWALDA,WALDA,10
SORCERER,TYRION,3
SORCERER,VARYS,4
SPICE_KING,XARO,20
STANNIS,STEFFON,2
STANNIS,TOMARD,2
STANNIS,TOMMEN,3
STANNIS,TORMUND,7
STANNIS,TYCHO,17
STANNIS,TYRION,20
STANNIS,TYWIN,8
STANNIS,VARYS,6
STEELSHANKS_WALTON,TYWIN,2
STEVRON_FREY,WALDER,4
STRONG,TYRION,2
STYR,THENN_WARG,4
STYR,TORMUND,20
STYR,YGRITTE,32
TALISA,TORRHEN,2
TALISA,WALDER,10
TANSY,THEON,6
TARYN_MANT,TYRION,4
TEELA,TORMUND,2
THENN_WARG,TORMUND,3
THENN_WARG,YGRITTE,3
THEON,TORMUND,3
THEON,TORRHEN,2
THEON,TORTURER,19
THEON,TYENE,3
THEON,TYRION,49
THEON,VARYS,14
THEON,VIOLET,12
THEON,WALDA,4
THEON,WALDER,3
THEON,WILL,2
THEON,WINTERFELL_SHEPHERD,7
THEON,YARA,218
THEON,YOHN_ROYCE,2
THIN_MAN,TYCHO,2
THIN_MAN,WAIF,2
THOROS,TORMUND,11
TIMETT,TYRION,3
TOMMEN,TYCHO,2
TOMMEN,TYRION,15
TOMMEN,TYWIN,45
TOMMEN,VARYS,2
TORMUND,TYRION,19
TORMUND,VARYS,6
TORMUND,WHITE_WALKER,2
TORMUND,WILLA,5
TORMUND,WUN_WUN,12
TORMUND,YGRITTE,58
TORMUND,YOHN_ROYCE,4
TRYSTANE,TYRION,2
TYCHO,TYWIN,5
TYENE,YARA,6
TYRION,TYSHA,2
TYRION,TYWIN,306
TYRION,VALE_LORD,2
TYRION,VARDIS_EGEN,9
TYRION,VARYS,511
TYRION,WALDER,2
TYRION,YARA,11
TYRION,YEZZAN,16
TYRION,YOHN_ROYCE,9
TYRION,YOREN,22
TYWIN,VARYS,33
TYWIN,WALDER,2
VALA,VARYS,14
VALE_LORD,YARA,2
VALE_LORD,YOHN_ROYCE,2
VANCE_CORBRAY,YOHN_ROYCE,3
VARYS,YARA,4
VARYS,YEZZAN,2
VARYS,YOHN_ROYCE,4
VARYS,YOREN,3
WAYMAR_ROYCE,WILL,4
YARA,YOHN_ROYCE,2
