community,rank_in_community,Id,Label,PageRank,Strength
0,1,TYRION,Tyrion,0.048973703993346204,5875
0,2,CERSEI,Cersei,0.02963491701780934,3727
0,3,JAIME,Jaime,0.02738330627364946,3316
3,1,JON,Jon,0.04132410850595631,4753
3,2,SAM,Sam,0.01936552307230636,2062
3,3,DAVOS,Davos,0.017570319530524087,1987
7,1,THEON,Theon,0.017620328897073566,1706
7,2,BRAN,Bran,0.016545264227639345,1864
7,3,ROBB,Robb,0.014044631683437305,1288
1,1,DAENERYS,Daenerys,0.03696898892841526,3839
1,2,JORAH,Jorah,0.01620551400697054,1756
1,3,MISSANDEI,Missandei,0.009178951905817384,999
4,1,ARYA,Arya,0.02747089193290034,2791
4,2,HOUND,Sandor,0.01416967549506058,1454
4,3,GENDRY,Gendry,0.007351083084526587,826
2,1,SANSA,Sansa,0.029571095579199704,3607
2,2,NED,Ned,0.01599181340818912,1755
2,3,LITTLEFINGER,Petyr,0.013443853994224127,1661
5,1,BALON_DWARF,Balon Dwarf,0.0011342456475720202,21
5,2,ROBB_DWARF,Robb Dwarf,0.0011103238008669046,27
5,3,JOFFREY_DWARF,Joffrey Dwarf,0.0010951539958861628,28
6,1,BLACK_JACK,Black Jack,0.0024630541871921183,8
6,2,KEGS,Kegs,0.0024630541871921183,8
6,3,MULLY,Mully,0.0024630541871921183,8
